"class","order","family","genus","species","adult_body_mass_g","longevity_y","litter_or_clutch_size_n","adult_svl_cm","egg_mass_g","litters_or_clutches_per_y","female_maturity_d","male_maturity_d","birth_or_hatching_weight_g","incubation_d","fledging_age_d","avg_offspring_per_y"
"Aves","Accipitriformes","Accipitridae","Accipiter","cooperii",452,12,4.35,42,40,1,730,730,28,29.75,32,4.35
"Aves","Accipitriformes","Accipitridae","Accipiter","gentilis",988.75,17.70833333,3.5,54.5,58,1,636.835,730,37,34.75,41.65,3.5
"Aves","Accipitriformes","Accipitridae","Accipiter","nisus",212,17.89166667,4.75,34,22.5,1,365,365,13.8,34,26.5,4.75
"Aves","Accipitriformes","Accipitridae","Aquila","chrysaetos",4383,32,2,78,142,1,1460,1460,104.05,44,74.5,2
"Aves","Accipitriformes","Accipitridae","Buteo","bannermani",990.5,25.33333333,3,49.25,60.7,1,730,730,36,34,41,3
"Aves","Accipitriformes","Accipitridae","Buteo","burmanicus",878.25,25.33666667,3,46,58.5,1,910.202,730,36,35,36.75,3
"Aves","Accipitriformes","Accipitridae","Buteo","buteo",878.25,25.33666667,3,46,58.5,1,910.202,730,36,35,36.75,3
"Aves","Accipitriformes","Accipitridae","Buteo","jamaicensis",1126,25.5,2.75,51.5,68,1,730,730,57.6,31,45.25,2.75
"Aves","Accipitriformes","Accipitridae","Buteo","japonicus",878.25,25.33666667,3,46,58.5,1,910.202,730,36,35,36.75,3
"Aves","Accipitriformes","Accipitridae","Buteo","lagopus",945.5,17.9,4,53.5,61.5,1,728.468,730,42.31,29.25,41,4
"Aves","Accipitriformes","Accipitridae","Buteo","lineatus",616,20,3.2,42.5,57,1,545.968,365,35,33,42,3.2
"Aves","Accipitriformes","Accipitridae","Buteo","platypterus",437,16.32,2.5,37,41.75,1,584.4,365,28,29.5,39.75,2.5
"Aves","Accipitriformes","Accipitridae","Buteo","regalis",1469.5,20,3.75,58,80,1,730,730,51.6,33.25,46,3.75
"Aves","Accipitriformes","Accipitridae","Buteo","swainsoni",969.57,16,2.5,49,61,1,730,730,39.4,32.75,43,2.5
"Aves","Accipitriformes","Accipitridae","Circaetus","beaudouini",1717.25,17.3,1,64.5,136,1,1274.436,1095,90,46.5,72.5,1
"Aves","Accipitriformes","Accipitridae","Circaetus","gallicus",1717.25,17.3,1,66,136,1,1274.436,1095,90,46.5,72.5,1
"Aves","Accipitriformes","Accipitridae","Circaetus","pectoralis",1717.25,17.3,1,66.5,136,1,1274.436,1095,90,46.5,72.5,1
"Aves","Accipitriformes","Accipitridae","Circus","aeruginosus",607,18.2,4.75,48.5,40,1,819.335,730,26.5,34.5,37.5,4.75
"Aves","Accipitriformes","Accipitridae","Circus","cyaneus",436.5,16.74983333,4.5,46,31,1,584.4,365,21.8,31,36.25,4.5
"Aves","Accipitriformes","Accipitridae","Circus","hudsonius",436.5,16.41666667,4.5,45.75,31,1,584.4,365,21.8,31,36.25,4.5
"Aves","Accipitriformes","Accipitridae","Gyps","coprotheres",7862,19.7,1,100.75,248,1,1729.537,1460,187.5,54.75,115,1
"Aves","Accipitriformes","Accipitridae","Gyps","fulvus",7436,41.4,1,101.5,252,1,1460,1460,200,54,113.75,1
"Aves","Accipitriformes","Accipitridae","Haliaeetus","albicilla",4793,29.83333333,2,83,132.5,1,1729.537,1460,86,39.5,73.75,2
"Aves","Accipitriformes","Accipitridae","Ictinia","mississippiensis",281,9.583333333,2,34,27,1,365,365,17,30.5,34,2
"Aves","Accipitriformes","Accipitridae","Milvus","aegyptius",828.5,23.75,2.5,56,56,1,1095,1095,43.5,32,42.75,2.5
"Aves","Accipitriformes","Accipitridae","Milvus","migrans",828.5,23.75,2.5,56,56,1,1095,1095,43.5,32,42.75,2.5
"Aves","Accipitriformes","Accipitridae","Milvus","milvus",1090,26,2,61,62.5,1,1001.835,1095,50,31.5,58,2
"Aves","Accipitriformes","Accipitridae","Rostrhamus","sociabilis",382.5833333,17,3,43.5,32.15,1.5,657.45,365,29.3,30,30,4.5
"Aves","Accipitriformes","Cathartidae","Coragyps","atratus",2080.5,25.5,2,65,103,1,2921,2920,70,36.5,75,2
"Aves","Accipitriformes","Cathartidae","Gymnogyps","californianus",8800,45,1,118,280,1,2185.404,2190,185.3,56.25,192.5,1
"Aves","Accipitriformes","Cathartidae","Vultur","gryphus",10500,75,1,111,270,0.5,2555,2555,255,56,180,0.5
"Aves","Accipitriformes","Pandionidae","Pandion","cristatus",1527.5,25,3,58,72,1,1092.702,1095,46.15,37.5,52.5,3
"Aves","Accipitriformes","Pandionidae","Pandion","haliaetus",1527.5,25,3,58,72,1,1092.702,1095,46.15,37.5,52.5,3
"Aves","Anseriformes","Anatidae","Aix","sponsa",657.5,22.5,11.8,47,43.5,1.5,365,365,23.85,30,61.5,17.7
"Aves","Anseriformes","Anatidae","Alopochen","aegyptiaca",1900,25.5,8.484375,72,96,1,730,730,54,29,72.5,8.484375
"Aves","Anseriformes","Anatidae","Anas","acuta",872.25,26.95,7.7,57.5,42.2,1,240,240,28,22.5,45,7.7
"Aves","Anseriformes","Anatidae","Anas","americana",786,21.3,8.5,50.5,44,1,364.234,365,24,23.5,48.25,8.5
"Aves","Anseriformes","Anatidae","Anas","carolinensis",342.4,20.5,9.5,38.5,26.5,1,271.734,180,15.9,22,39,9.5
"Aves","Anseriformes","Anatidae","Anas","clypeata",613,20.4,10,49.5,39.5,1,240,240,24,23,44.75,10
"Aves","Anseriformes","Anatidae","Anas","crecca",343.8,21,9.5,38.5,27.1,1,271.734,180,15.9,22,39,9.5
"Aves","Anseriformes","Anatidae","Anas","cyanoptera",383,12.9,10,41.5,31.5,1.25,364.234,365,18.2,23,49,12.5
"Aves","Anseriformes","Anatidae","Anas","diazi",1123,25.49166667,10.515,57.5,54,1,365,365,30.7,26.5,55.5,10.515
"Aves","Anseriformes","Anatidae","Anas","discors",398.5,22.3,10,38,28.1,1,301.734,240,18.3,24.1,41.25,10
"Aves","Anseriformes","Anatidae","Anas","eatoni",841,26.95,7.5,57.5,41.6,1,240,240,28,22.5,45,7.5
"Aves","Anseriformes","Anatidae","Anas","fulvigula",1082,23.25,10,57.5,53.1,1,365,365,32.8,26.25,55.5,10
"Aves","Anseriformes","Anatidae","Anas","laysanensis",1082,23.4,9.349699399,57.5,52.2,1,365,365,28.6,27,55.5,9.349699399
"Aves","Anseriformes","Anatidae","Anas","penelope",757,18.25,9,48,44,1,365,365,23.5,24.3,42.5,9
"Aves","Anseriformes","Anatidae","Anas","platyrhynchos",1121,29,10.515,57.5,54,1,365,365,30.7,26.5,55.5,10.515
"Aves","Anseriformes","Anatidae","Anas","querquedula",334,14.58333333,8.5,39,28,1,364.234,365,21,22,37.75,8.5
"Aves","Anseriformes","Anatidae","Anas","rubripes",1153.666667,26.41666667,9.500813008,57.25,56.7,1,365,365,32,27.25,56,9.500813008
"Aves","Anseriformes","Anatidae","Anas","strepera",850,20.9,10,52,44,1,240,240,34.05,26,49.5,10
"Aves","Anseriformes","Anatidae","Anas","wyvilliana",1105,25.49166667,10.0996994,57.5,53.1,1,365,365,30.7,26.5,55.5,10.0996994
"Aves","Anseriformes","Anatidae","Anser","albifrons",2387.5,25.25,5.5,75.5,125,1,1095,1095,80.15,27,41.5,5.5
"Aves","Anseriformes","Anatidae","Anser","anser",3308.5,26,5,82.5,165,1,1095,1095,88.5,27.5,55,5
"Aves","Anseriformes","Anatidae","Anser","brachyrhynchus",2707.5,25.58333333,4.65,72.5,123,1,1095,1095,89,28,56,4.65
"Aves","Anseriformes","Anatidae","Anser","fabalis",2933,23,5,77.5,146,1,1092.702,1095,89,28,56,5
"Aves","Anseriformes","Anatidae","Anser","serrirostris",2933,23,5,77.5,146,1,1092.702,1095,89,28,56,5
"Aves","Anseriformes","Anatidae","Aythya","affinis",788.5,18.31666667,9.955,43,48.2,1,455.101,365,30.8,24.4,48,9.955
"Aves","Anseriformes","Anatidae","Aythya","americana",1056.25,21.4,9.29555606,48,64,1,365,365,37.6,25,64.75,9.29555606
"Aves","Anseriformes","Anatidae","Aythya","collaris",730,20.4,9,41.5,50.5,1,364.234,365,29.3,26.75,52.25,9
"Aves","Anseriformes","Anatidae","Aythya","ferina",853.5,22.70833333,8.8,50,66.5,1,365,365,44,27,92.5,8.8
"Aves","Anseriformes","Anatidae","Aythya","fuligula",701.5,22,9.6,43.5,55.75,1,365,365,34.1,24.5,47.5,9.6
"Aves","Anseriformes","Anatidae","Aythya","marila",959,19.375,9.4,45.5,66.05,1,455.101,365,44.9,26.5,42.75,9.4
"Aves","Anseriformes","Anatidae","Aythya","valisineria",1218.666667,22.4,9,54.5,70.5,1,301.734,240,44.7,26.5,66,9
"Aves","Anseriformes","Anatidae","Branta","bernicla",1347.25,23.8,4,60.5,85,1,730,730,44.5,24,45.75,4
"Aves","Anseriformes","Anatidae","Branta","canadensis",3984.5,27.41666667,5.15,82.5,163,1,730,730,102,28,50.75,5.15
"Aves","Anseriformes","Anatidae","Branta","hutchinsii",3661.666667,25.85833333,5.15,82.5,163,1,730,730,102,28,50.75,5.15
"Aves","Anseriformes","Anatidae","Branta","leucopsis",1708.5,26.9,4.5,64.5,104,1,730,730,60,24.5,42.5,4.5
"Aves","Anseriformes","Anatidae","Branta","sandvicensis",2090,42,4,63.5,144,1,912,730,90.8,30,63,4
"Aves","Anseriformes","Anatidae","Bucephala","albeola",400,14.9,8.400544959,36.5,37,1,728.468,730,23.8,30,52.5,8.400544959
"Aves","Anseriformes","Anatidae","Bucephala","clangula",895.93,16.91666667,9.5,46,57,1,730,730,36.3,29.5,61.25,9.5
"Aves","Anseriformes","Anatidae","Bucephala","islandica",978.575,15.33333333,9.5,47.5,67.7,1,728.468,730,37.5,30,56,9.5
"Aves","Anseriformes","Anatidae","Chen","caerulescens",2630.75,26.59166667,4.2,75,121.95,1,730.5,730,87.5,23.55,43.5,4.2
"Aves","Anseriformes","Anatidae","Chen","canagica",2718,9,4.95,77.5,120,1,727.702,365,81.8,24.5,55,4.95
"Aves","Anseriformes","Anatidae","Chen","rossii",1597.5,21.5,4,59.5,92,1,739.335,570,65.1,22,41,4
"Aves","Anseriformes","Anatidae","Clangula","hyemalis",814,15.6,7.5,48,43.5,1,728.468,730,27.75,25,35,7.5
"Aves","Anseriformes","Anatidae","Cygnus","buccinator",10300,26.5,5.2,158.75,330.5,1,1091.936,1095,214,35,98.5,5.2
"Aves","Anseriformes","Anatidae","Cygnus","columbianus",6350,22.29166667,4,135,269.6,1,1001.069,730,181.25,173,60.25,4
"Aves","Anseriformes","Anatidae","Cygnus","cygnus",9413,25.16666667,4.920658683,152.5,331,1,1456.936,1460,208,35,98.5,4.920658683
"Aves","Anseriformes","Anatidae","Cygnus","olor",10230,27.6915,5.95,142.5,342.5,1,1183.569,1095,221.5,36,135,5.95
"Aves","Anseriformes","Anatidae","Dendrocygna","autumnalis",826.5,8.2,13.75,48,44,1,365,365,30.8,27,58,13.75
"Aves","Anseriformes","Anatidae","Histrionicus","histrionicus",561.25,14.58333333,5.9,44.5,53.5,1,545.968,365,31.45,28.25,40,5.9
"Aves","Anseriformes","Anatidae","Melanitta","americana",1052.2,16.75,8.5,48.5,73,1,819.335,730,44.1,28.4,45.75,8.5
"Aves","Anseriformes","Anatidae","Melanitta","deglandi",1732,15.6,8.430434783,54.5,92,1,819.335,730,54.6,27.75,60,8.430434783
"Aves","Anseriformes","Anatidae","Melanitta","fusca",1732,15.6,8.430434783,54.5,92,1,819.335,730,54.6,27.75,60,8.430434783
"Aves","Anseriformes","Anatidae","Melanitta","nigra",1052.2,16.775,8.5,48.5,73,1,819.335,730,44.1,28.4,45.75,8.5
"Aves","Anseriformes","Anatidae","Mergus","merganser",1462.5,13.8,9.8,62,82,1,730,730,46.2,30,65,9.8
"Aves","Anseriformes","Anatidae","Mergus","serrator",1042.583333,9.331666667,9.1,55,72.5,1,728.468,730,46.5,31.75,60.75,9.1
"Aves","Anseriformes","Anatidae","Netta","rufina",1118,7.4,9,55.5,56,1,365,365,36,27,47.5,9
"Aves","Anseriformes","Anatidae","Oxyura","ferruginea",560,13.6,8,38.1,73,1,365,365,44,23.5,55.75,8
"Aves","Anseriformes","Anatidae","Oxyura","jamaicensis",550,13.6,8,38.1,73,1,365,365,44,23.5,55.75,8
"Aves","Anseriformes","Anatidae","Polysticta","stelleri",842,14.3,7,45.5,55.1,1,819.335,730,42.5,26,50,7
"Aves","Anseriformes","Anatidae","Somateria","mollissima",2092,23,4.15,60.5,110,1,730,730,72.7,26,58,4.15
"Aves","Anseriformes","Anatidae","Somateria","spectabilis",1650,18.9,4.7,53,69.85,1,819.335,730,42.8,23.25,30,4.7
"Aves","Anseriformes","Anatidae","Tadorna","tadorna",1094,24.75,8.95,62,78,1,730,730,47,30,53.75,8.95
"Aves","Apodiformes","Apodidae","Apus","apus",39,21,2.3,16.5,3.575,1,728.468,730,2.9,19.6,42.5,2.3
"Aves","Apodiformes","Apodidae","Apus","balstoni",40.3,21,2,16.25,3.575,1,728.468,730,2.9,19.6,42.5,2
"Aves","Apodiformes","Apodidae","Apus","barbatus",40.1,21,2,16.25,3.575,1,728.468,730,2.9,19.6,42.5,2
"Aves","Apodiformes","Apodidae","Apus","niansae",40.05,21,2.35,16,3.55,1.5,728.468,730,2.9,20.5,44.45,3.525
"Aves","Apodiformes","Apodidae","Apus","sladeniae",40.1,21,2,16.25,3.575,1,728.468,730,2.9,19.6,42.5,2
"Aves","Apodiformes","Apodidae","Chaetura","pelagica",23.5,14,4.5,13,1.92,1,365,365,1.25,20,30,4.5
"Aves","Apodiformes","Apodidae","Chaetura","vauxi",18.225,5.091666667,4,12.75,1.73,1,365.125,365,1.5,19,27.5,4
"Aves","Ciconiiformes","Ciconiidae","Ciconia","boyciana",3538,39,4,116,105.9,1,1277.875,1460,72.5,33.5,61,4
"Aves","Ciconiiformes","Ciconiidae","Ciconia","ciconia",3350,39,4,102,105.9,1,1277.875,1460,72.5,33.5,61,4
"Aves","Ciconiiformes","Ciconiidae","Leptoptilos","crumenifer",6400,41,2.2,140,138,1,1460,1460,95,30,105,2.2
"Aves","Ciconiiformes","Ciconiidae","Mycteria","americana",2500,21.83333333,3.02,95.25,80,1,1460,1460,62,30,53.75,3.02
"Aves","Falconiformes","Falconidae","Falco","columbarius",187.575,12.5,4.5,28,21.75,1,545.202,365,13,30,30,4.5
"Aves","Falconiformes","Falconidae","Falco","mexicanus",754.5,13,4.25,42,49,1,545.968,365,30.6,31,38.5,4.25
"Aves","Falconiformes","Falconidae","Falco","pelegrinoides",798,17.33666667,3.5,40.75,47.1,1,726.936,365,35.5,30,39,3.5
"Aves","Falconiformes","Falconidae","Falco","peregrinus",827.25,17.33666667,3.5,43,47.1,1,726.936,365,35.5,30,39,3.5
"Aves","Falconiformes","Falconidae","Falco","rupicolus",204.75,20.41666667,4.5,31,21,1,365,365,16,28,29.5,4.5
"Aves","Falconiformes","Falconidae","Falco","rusticolus",1415.75,12.917,3.61,56.5,69.75,1,728.468,730,52.08,35,47.75,3.61
"Aves","Falconiformes","Falconidae","Falco","sparverius",115.5,14,4.6,24,15.7,1.25,365,365,9,29,30,5.75
"Aves","Falconiformes","Falconidae","Falco","subbuteo",210,10.8,3,31,24.5,1,545.968,365,17,29.5,31,3
"Aves","Falconiformes","Falconidae","Falco","tinnunculus",204.75,20.41666667,4.5,31,21,1,365,365,16,28,29.5,4.5
"Aves","Galliformes","Odontophoridae","Callipepla","californica",171.5,6.991666667,14,25,9.85,1,318.734,274,6.125,22.25,10,14
"Aves","Galliformes","Odontophoridae","Colinus","virginianus",173.3333333,6.4,13,22.5,8.9,1.5,364.234,365,7,22.75,14,19.5
"Aves","Galliformes","Phasianidae","Centrocercus","urophasianus",1930,7,7.35,53,44.5,1,455.101,365,30.5,26,14,7.35
"Aves","Galliformes","Phasianidae","Dendragapus","fuliginosus",1059,12.5,7.1,46,32.5,1,455.101,365,22.6,25.25,10,7.1
"Aves","Galliformes","Phasianidae","Dendragapus","obscurus",1059,12.5,7.1,46,32.5,1,455.101,365,22.6,25.25,10,7.1
"Aves","Galliformes","Phasianidae","Lagopus","lagopus",595,8.583166667,8.95,39.5,21.75,1,364.234,365,14.91,21.55,12,8.95
"Aves","Galliformes","Phasianidae","Meleagris","gallopavo",5811,12.75,11,85.5,78.8,1,304,365,42.25,28,14,11
"Aves","Galliformes","Phasianidae","Pavo","cristatus",4093.75,23.2,5,95,100.75,1,730,730.25,120,28,14,5
"Aves","Galliformes","Phasianidae","Phasianus","colchicus",1043.75,27,11,57.5,31.2,1,240,240,20.5,24,11,11
"Aves","Galliformes","Phasianidae","Phasianus","versicolor",1000,27,11,57.5,31.2,1,240,240,20.5,24,11,11
"Aves","Passeriformes","Corvidae","Aphelocoma","californica",82.75,15.8,4,29,6.05,1,545.202,365,5.4,17.5,18,4
"Aves","Passeriformes","Corvidae","Aphelocoma","coerulescens",78.725,15.8,3.75,29,5.8,1,545.202,365,4.2,17,18,3.75
"Aves","Passeriformes","Corvidae","Aphelocoma","insularis",108.5,15.8,3.855,29,6.05,1,455.101,365,4.2,17.5,18,3.855
"Aves","Passeriformes","Corvidae","Aphelocoma","woodhouseii",82.75,15.8,4,29,6.05,1,545.202,365,5.4,17.5,18,4
"Aves","Passeriformes","Corvidae","Coloeus","monedula",246,14.5,4.5,36.5,11.3,1,637.601,730,7.5,18,32.5,4.5
"Aves","Passeriformes","Corvidae","Corvus","brachyrhynchos",453,14.6,4.59,44,17.9,1,730,730,15.6,18,30.15,4.59
"Aves","Passeriformes","Corvidae","Corvus","corax",1097,21.8335,4.8,63.5,28.8,1,1095,1095,25,19,41.5,4.8
"Aves","Passeriformes","Corvidae","Corvus","cornix",544.5,16.8,4.5,52,19.55,1,910.968,1095,13.6,19,34,4.5
"Aves","Passeriformes","Corvidae","Corvus","corone",544.5,14.66666667,4.5,52,19.55,1,910.968,1095,13.6,19,34,4.5
"Aves","Passeriformes","Corvidae","Cyanocitta","cristata",85.25,18.3,4.34,27,5.95,1,455.101,365,5.5,17,19,4.34
"Aves","Passeriformes","Corvidae","Garrulus","glandarius",160.85,17,5,34,8.375,1,364.234,365,6.6,16.5,22,5
"Aves","Passeriformes","Corvidae","Gymnorhinus","cyanocephalus",105,11,3.82,26.5,7,1,545.202,365,6.26,16.5,21,3.82
"Aves","Passeriformes","Corvidae","Nucifraga","columbiana",130,17.4,3,31,9.1,1,365,365,7.1,17.5,22,3
"Aves","Passeriformes","Corvidae","Perisoreus","canadensis",71.1,17.16666667,3.5,26.5,6.7,1,365,365,5.7,17,18,3.5
"Aves","Passeriformes","Corvidae","Pica","hudsonia",189,9.333333333,6.05,46.5,9.9,1,545.202,730,6.31,18,25.75,6.05
"Aves","Passeriformes","Corvidae","Pica","pica",213.375,10.49166667,6,46.5,9.9,1,637.601,730,6.31,19.25,25.75,6
"Aves","Passeriformes","Turdidae","Catharus","bicknelli",29.65,7.34,4,18,3.5,1,365,365,1.7,13,12,4
"Aves","Passeriformes","Turdidae","Catharus","guttatus",30.55,8.7,3.66,17,3.3,2,364.234,365,4.12,12.5,12.5,7.32
"Aves","Passeriformes","Turdidae","Catharus","ustulatus",30.06666667,11,3.65,18,3.515,1,365,365,3.9,12.5,12,3.65
"Aves","Passeriformes","Turdidae","Hylocichla","mustelina",48.65,8.9,3.5,20.5,4.85,2,365.125,365,4.2,13.5,12.25,7
"Aves","Passeriformes","Turdidae","Turdus","maximus",102,21.06666667,4,26.5,7.2,4,364.234,365,5.5,13.5,13.5,16
"Aves","Passeriformes","Turdidae","Turdus","merula",102,21.06666667,4,26.5,7.2,4,364.234,365,5.5,13.5,13.5,16
"Aves","Passeriformes","Turdidae","Turdus","migratorius",78.78333333,13.91666667,3.43,26.5,6.7,2.5,364.234,365,5.5,13,14.3,8.575
"Aves","Passeriformes","Turdidae","Turdus","philomelos",68.8,17.54183333,4,21.75,6.25,2,364.234,365,4.7,11.5,15,8
"Aves","Passeriformes","Turdidae","Turdus","simillimus",100.15,21.06666667,4,26.5,7.2,4,364.234,365,5.5,13.5,13.5,16
"Aves","Pelecaniformes","Ardeidae","Ardea","alba",873.5,22.815,3.7,93.5,48.5,1.5,637.601,730,28.4,24.7,41,5.55
"Aves","Pelecaniformes","Ardeidae","Ardea","cinerea",1443,30.24983333,4.305,94,60,1,730,730,45,25.5,48.5,4.305
"Aves","Pelecaniformes","Ardeidae","Ardea","herodias",2388.666667,23.3,4,97,62,1.5,669,669,50,28,60,6
"Aves","Pelecaniformes","Ardeidae","Ardea","purpurea",903.875,25.40833333,4.2,79,50.4,1,546.734,730,35,26,47.5,4.2
"Aves","Pelecaniformes","Ardeidae","Bubulcus","coromandus",372,18.41666667,4.25,53,27.75,1,637.601,730,16.9,22.85,35,4.25
"Aves","Pelecaniformes","Ardeidae","Bubulcus","ibis",372,18.41666667,4.25,53,27.75,1,637.601,730,16.9,22.85,35,4.25
"Aves","Pelecaniformes","Ardeidae","Butorides","virescens",212,7.916666667,3.75,40,17,1,730,730,16,20,23,3.75
"Aves","Pelecaniformes","Ardeidae","Ixobrychus","dubius",105.5,6,4.6,31.5,13,1,546.734,730,10.5,18,27.5,4.6
"Aves","Pelecaniformes","Ardeidae","Ixobrychus","minutus",105.5,6,4.6,31.5,13,1,546.734,730,10.5,18,27.5,4.6
"Aves","Pelecaniformes","Ardeidae","Ixobrychus","novaezelandiae",105.5,6,4.6,31.5,13,1,546.734,730,10.5,18,27.5,4.6
"Aves","Pelecaniformes","Ardeidae","Nycticorax","nycticorax",800,21.08333333,4,61.5,34,1,365,365,24.6,25,43.5,4
"Aves","Pelecaniformes","Threskiornithidae","Platalea","ajaja",1500,7.8,3,75,68,1,1095,1095,50,23.25,52.5,3
"Aves","Pelecaniformes","Threskiornithidae","Plegadis","falcinellus",633.75,17.06666667,3.5,52,38,1,1095,1095,23.85,21,42,3.5
"Aves","Piciformes","Picidae","Colaptes","auratus",130.6716667,9.183333333,6.6,32.5,7.3,1,365,365,5.48,12,28,6.6
"Aves","Piciformes","Picidae","Dryocopus","martius",321,14,4.8,50,11.8,1,364.234,365,9,12,27,4.8
"Aves","Piciformes","Picidae","Jynx","torquilla",35.86666667,10,8.5,16.5,2.7,1.5,364.234,365,2,12.4,20.5,12.75
"Aves","Piciformes","Picidae","Melanerpes","carolinus",71.775,12.1,4.47,24,4.6,1.5,365,365,8,12,25,6.705
"Aves","Piciformes","Picidae","Melanerpes","formicivorus",79.05,16,4.9,23,5.1,2,694,766,4.7,12.75,31,9.8
"Aves","Piciformes","Picidae","Picoides","borealis",48,13.8,3.26,22,4.3,1,240,240,3.2,11,25.5,3.26
"Aves","Piciformes","Picidae","Picoides","pubescens",27.5,11.65,4.8,16,2.5,1.25,365,365,1.67,12,21.75,6
"Aves","Piciformes","Picidae","Picus","sharpei",184.6666667,15.08333333,6.1,32,8.9,1,364.234,365,5.75,18,23,6.1
"Aves","Piciformes","Picidae","Picus","vaillantii",176,15.08333333,6.1,32,8.6,1,364.234,365,5.75,18,23,6.1
"Aves","Piciformes","Picidae","Picus","viridis",184.6666667,15.08333333,6.1,32,8.9,1,364.234,365,5.75,18,23,6.1
"Aves","Piciformes","Picidae","Sphyrapicus","nuchalis",50.3,6.8,4.9,20,3.7,1,365,365,2.5,12,27,4.9
"Aves","Piciformes","Picidae","Sphyrapicus","ruber",51.45,6.8,4.93,20,3.7,1,365,365,2.5,12,27,4.93
"Aves","Piciformes","Picidae","Sphyrapicus","varius",50.3,6.8,5,20,3.55,1,365,365,2.5,12,27,5
"Aves","Psittaciformes","Cacatuidae","Nymphicus","hollandicus",90,30,4.5,31,5.68,1,455.694,395.72,5,20.5,31.5,4.5
"Aves","Psittaciformes","Psittacidae","Myiopsitta","monachus",108.63,19.95,6,33,7,2,730,730,4.76,31,42,12
"Aves","Strigiformes","Strigidae","Aegolius","acadicus",95.625,8.408333333,5.5,18,10.2,1,365,365,7.5,27,30.25,5.5
"Aves","Strigiformes","Strigidae","Aegolius","funereus",131.5,11,5.145,21,12.5,1,364.234,365,8.4,27.75,31.7,5.145
"Aves","Strigiformes","Strigidae","Asio","flammeus",343.75,12.9,6,38,21.3,1.25,364.234,365,15.7,25.35,25.5,7.5
"Aves","Strigiformes","Strigidae","Asio","otus",262.75,27.775,4.5,37.5,23,1,364.234,365,17.7,27.25,34,4.5
"Aves","Strigiformes","Strigidae","Athene","noctua",169,11.08333333,4,21,15.6,1,364.234,365,11.5,27.5,32.5,4
"Aves","Strigiformes","Strigidae","Bubo","ascalaphus",2533,47.66666667,2,64.5,71.15,1,730,730,48.8,35,55,2
"Aves","Strigiformes","Strigidae","Bubo","bengalensis",2380,47.66666667,2.5,64.5,71.15,1,730,730,48.8,35,55,2.5
"Aves","Strigiformes","Strigidae","Bubo","bubo",2533,47.66666667,2.25,64.5,71.15,1,730,730,48.8,35,55,2.25
"Aves","Strigiformes","Strigidae","Bubo","magellanicus",1348.5,21.3,2.5,48,66.2,1,730,730,34.7,27,68.25,2.5
"Aves","Strigiformes","Strigidae","Bubo","scandiacus",1954,14,6,59.5,60.3,1,728.468,730,44.25,32,47.7,6
"Aves","Strigiformes","Strigidae","Bubo","virginianus",1377.25,21.3,2.5,48,66.2,1,730,730,34.7,27,68.25,2.5
"Aves","Strigiformes","Strigidae","Glaucidium","passerinum",65.5,6,5,16.5,8.3,1,364.234,365,5.6,29,30.5,5
"Aves","Strigiformes","Strigidae","Megascops","asio",175,14.167,4.25,21,17.3,1,365,365,11,26,28,4.25
"Aves","Strigiformes","Strigidae","Megascops","kennicottii",180,13.5,4.25,20.5,17.3,1,365,365,14.05,26,28,4.25
"Aves","Strigiformes","Strigidae","Otus","elegans",92,6.775,3.75,17.5,12.4,1,364.234,365,9.3,24.5,25,3.75
"Aves","Strigiformes","Strigidae","Otus","longicornis",91.25,6.775,3.5,17.5,12.4,1,364.234,365,9.3,24.5,25,3.5
"Aves","Strigiformes","Strigidae","Otus","mantananensis",92,6.775,3.75,17.5,12.4,1,364.234,365,9.3,24.5,25,3.75
"Aves","Strigiformes","Strigidae","Otus","mindorensis",92,6.775,3.75,17.5,12.4,1,364.234,365,9.3,24.5,25,3.75
"Aves","Strigiformes","Strigidae","Otus","scops",92,6.775,3.75,17.5,12.4,1,364.234,365,9.3,24.5,25,3.75
"Aves","Strigiformes","Strigidae","Otus","sunia",89.35,6.775,4,17.25,12.4,1,364.234,365,9.3,24.5,25,4
"Aves","Strigiformes","Strigidae","Strix","aluco",496.5,21.5,3.1,41,38.75,1,364.234,365,28,29.7,31.2,3.1
"Aves","Strigiformes","Strigidae","Strix","davidi",783,23.81666667,2.9,58,46,1,364.234,365,30,28,40,2.9
"Aves","Strigiformes","Strigidae","Strix","fulvescens",716.5,18.2,2.85,46.55,47.2,1,730,730,46,28,42,2.85
"Aves","Strigiformes","Strigidae","Strix","nebulosa",1078.75,15.817,4,72.5,52.5,1,545.968,365,37.5,29.5,63.75,4
"Aves","Strigiformes","Strigidae","Strix","nivicolum",496.5,21.5,3.1,41,38.75,1,364.234,365,28,29.7,31.2,3.1
"Aves","Strigiformes","Strigidae","Strix","sartorii",716.5,18.2,2.5,50.3,47.2,1,730,730,46,28,42,2.5
"Aves","Strigiformes","Strigidae","Strix","uralensis",783,23.81666667,2.9,58,46,1,364.234,365,30,28,40,2.9
"Aves","Strigiformes","Strigidae","Strix","varia",716.5,18.2,2.5,50.3,47.2,1,730,730,46,28,42,2.5
