"class","order","family","genus","species","adult_body_mass_g","longevity_y","litter_or_clutch_size_n","adult_svl_cm","birth_or_hatching_weight_g","birth_or_hatching_svl_cm","litters_or_clutches_per_y","gestation_d","weaning_d","weaning_weight_g","female_maturity_d","male_maturity_d","avg_offspring_per_y"
"Mammalia","Artiodactyla","Bovidae","Gazella","bennettii",22278.415,18.3,1.22,130.6425,2200,43.7775,1.1,172,88,5505,485.11,637,1.342
"Mammalia","Artiodactyla","Bovidae","Gazella","dorcas",47386.47,20.775,1.22,160,2168.055,43.7775,1,156,117.9395,5505,498.97,637,1.22
"Mammalia","Artiodactyla","Bovidae","Gazella","saudiya",32185.735,20.75,1.22,160,2168.055,43.7775,1,156,117.9395,5505,498.97,637,1.22
"Mammalia","Artiodactyla","Bovidae","Redunca","fulvorufula",30000,12.33,1,141.5,2719.09,57.5,1.1,222.99,82.12,8635.5,388,335,1.1
"Mammalia","Artiodactyla","Cervidae","Cervus","nippon",52999.99,25.41833333,1,130.0255,4277.11,57,1,223.66,172.57212,28590,518.12,500,1
"Mammalia","Artiodactyla","Cervidae","Dama","dama",63612.305,21.1,1.07,175,4511.17,62.114,1,233,182.92036,22570,515.14,507,1.07
"Mammalia","Artiodactyla","Suidae","Sus","scrofa",135000,21,5.5675,157.4995,995,23.999,1.5,115.2,97.88,6469.99,334,768,8.35125
"Mammalia","Carnivora","Felidae","Acinonyx","jubatus",50577.92,19,3.04,149.0215,465.33,25,0.7,90.12,107,1940,598.985,456,2.128
"Mammalia","Carnivora","Mustelidae","Mustela","nivalis",49.75,9.55,5.085,26,2.6,4.999,1.5,36.49,40.65302,44.565,120,120,7.6275
"Mammalia","Carnivora","Mustelidae","Mustela","subpalmata",49.75,9.55,5.085,26,2.6,4.999,1.5,36.49,40.65302,44.565,120,120,7.6275
"Mammalia","Carnivora","Odobenidae","Odobenus","rosmarus",846498.125,40,1.18,321.509,61195.45,121.9,0.5,353.702,669.99066,2e+05,2005.875,3278.25,0.59
"Mammalia","Carnivora","Otariidae","Neophoca","cinerea",189274.99,16,1,214.9065,7075,65,0.69,311.7815,558.87,59724,1095.696,2191,0.69
"Mammalia","Carnivora","Phocidae","Phoca","largha",93097.92,35,1,166.7435,10606.875,77.142,1,270.7703,30,23945,1438.28918,1460,1
"Mammalia","Carnivora","Phocidae","Phoca","vitulina",94283.33,40,1,180.5875,11000,77.142,1,253.5703,30.37,23945,1438.28918,1460,1
"Mammalia","Carnivora","Phocidae","Pusa","caspica",86658.33,43.5,1,155.5875,10606.875,77.142,1,288.95,30.74,23945,1526.85,1460,1
"Mammalia","Carnivora","Viverridae","Arctictis","binturong",12999.99,24.30833333,2.5,87.5075,317.35,21.5,2,92,79,2100,925,840,5
"Mammalia","Carnivora","Viverridae","Civettictis","civetta",13666.67,28,2.31,84.007,380.5,20.656,2.2,68.4,120,1514,365,213,5.082
"Mammalia","Carnivora","Viverridae","Viverra","civettina",12871.125,28,2.31,86.652,380.5,20.656,2.2,68.4,120,1514,365,213,5.082
"Mammalia","Cetacea","Balaenidae","Eubalaena","glacialis",2.3e+07,67,1,1760.354,797164,450,0.29,347.98,213.052,5e+06,3347.96,2920,0.29
"Mammalia","Cetacea","Balaenidae","Eubalaena","japonica",2.3e+07,67,1,1760.354,797164,450,0.29,350.007,273.341,5e+06,3500.23,3286.25,0.29
"Mammalia","Cetacea","Balaenopteridae","Balaenoptera","musculus",1.49e+08,87.5,1,3049,2250000,727.5875,0.41,326.97,212.36,1.7e+07,1959.8,2739.75,0.41
"Mammalia","Cetacea","Balaenopteridae","Balaenoptera","physalus",38800000,95,1,1792.053,1580000,627.375,0.4,342,216.917,6400000,2311.41804,2253.5,0.4
"Mammalia","Cetacea","Delphinidae","Stenella","coeruleoalba",122950,53.5,1.5,290.042,11300,99.327,0.31,368.2756,456.25,10369.94,2880.7674,3025,0.465
"Mammalia","Cetacea","Physeteridae","Physeter","catodon",10100000,77,1,1098.769,774000,237.499,0.23,464.62,415.76,1340000,3857.52,5750,0.23
"Mammalia","Chiroptera","Emballonuridae","Taphozous","georgianus",24.43,5,1,7.924,6.565,4.91,1,99.055,42,15.3,278.27,608.8,1
"Mammalia","Chiroptera","Emballonuridae","Taphozous","troughtoni",27.475,5,1,7.924,6.565,4.91,1,99.055,42,15.3,278.27,608.8,1
"Mammalia","Chiroptera","Molossidae","Tadarida","brasiliensis",12.5,12,1.055,9.1,2.995,3.378,1,83.995,54.24,11.52,336.63,547,1.055
"Mammalia","Chiroptera","Noctilionidae","Noctilio","albiventris",44,11.8,1,8.1,6.16,3.879,1,35,84.44,21,365.25,365.25,1
"Mammalia","Chiroptera","Noctilionidae","Noctilio","leporinus",44,11.8,1,8.1,6.16,3.879,1,35,84.44,21,365.25,365.25,1
"Mammalia","Chiroptera","Phyllostomidae","Artibeus","fraterculus",45.65,10.45,1,9.3,8.9,4.936,2,106.54,15,33.79,288.37,365.28,2
"Mammalia","Chiroptera","Phyllostomidae","Artibeus","jamaicensis",46.1,10.45,1,9.3,8.9,4.936,2,106.54,15,33.79,288.37,365.28,2
"Mammalia","Chiroptera","Phyllostomidae","Artibeus","lituratus",46.1,10.45,1,9.3,8.9,4.936,2,106.54,15,33.79,288.37,365.28,2
"Mammalia","Chiroptera","Phyllostomidae","Artibeus","obscurus",45.65,10.45,1,9.3,8.9,4.936,2,106.54,15,33.79,288.37,365.28,2
"Mammalia","Chiroptera","Phyllostomidae","Carollia","perspicillata",16.4,16.96666667,1,6.6995,5,1.739,2,95,35.63,12.5,258,258,2
"Mammalia","Chiroptera","Pteropodidae","Cynopterus","luzoniensis",37.2,9.991666667,1,9.899,8.6,2.628,2,120,45.495,25,200.855,525,2
"Mammalia","Chiroptera","Pteropodidae","Rousettus","aegyptiacus",134,22.9,1.035,17.2185,21.06,4.004,2,116,122,73.8,365,365,2.07
"Mammalia","Chiroptera","Vespertilionidae","Lasiurus","minor",12.33,2.575,3.12,6.5,1.07,2.6275,1,80,33,5.84,365.25,365.25,3.12
"Mammalia","Chiroptera","Vespertilionidae","Lasiurus","pfeifferi",12.33,2.575,3.12,6.5,1.07,2.6275,1,80,33,5.84,365.25,365.25,3.12
"Mammalia","Chiroptera","Vespertilionidae","Miniopterus","majori",11.46,14,0.995,8,2.86,2.65,1,113.44,60.19,12.5,666.44,730,0.995
"Mammalia","Chiroptera","Vespertilionidae","Miniopterus","natalensis",11.185,14,0.995,6,2.86,2.65,1,113.44,60.19,12.5,666.44,730,0.995
"Mammalia","Chiroptera","Vespertilionidae","Miniopterus","schreibersii",11.185,14,0.995,6,2.86,2.65,1,113.44,60.19,12.5,666.44,730,0.995
"Mammalia","Chiroptera","Vespertilionidae","Myotis","blythii",24.705,22,1,7.6,5.95,3.754,1,69,41.995,23.1,420.91,502,1
"Mammalia","Chiroptera","Vespertilionidae","Myotis","capaccinii",23.82,22,1,7.2,5.95,3.754,1,65,41.995,23.1,410.255,502,1
"Mammalia","Chiroptera","Vespertilionidae","Myotis","chinensis",28.55,22,1.25,7.6,5.95,3.754,1,69,41.995,23.1,450.8,502,1.25
"Mammalia","Chiroptera","Vespertilionidae","Myotis","daubentonii",8.5,28,1.21,4.77,2.045,2.919,1,54.57,35.33,5.49,550.615,730,1.21
"Mammalia","Chiroptera","Vespertilionidae","Myotis","fimbriatus",23.41,22,1,7.2,5.9,3.754,1,65,41.995,23.1,410.255,502,1
"Mammalia","Chiroptera","Vespertilionidae","Myotis","fortidens",6.5,29,1,5.785,2.07,3,1,57.395,25.5,6.79,245.3,210,1
"Mammalia","Chiroptera","Vespertilionidae","Myotis","longipes",23.41,22,1,7.2,5.95,3.754,1,65,41.995,23.1,410.255,502,1
"Mammalia","Chiroptera","Vespertilionidae","Myotis","lucifugus",7.15,29,1,5.27,2.07,3,1,57.395,25.5,6.79,245.3,210,1
"Mammalia","Chiroptera","Vespertilionidae","Myotis","macrodactylus",23.41,22,1,7.2,5.9,3.754,1,65,41.995,23.1,410.255,502,1
"Mammalia","Chiroptera","Vespertilionidae","Myotis","myotis",27.07,22,1.25,7.6,5.95,3.754,1,69,41.995,23.1,450.8,502,1.25
"Mammalia","Chiroptera","Vespertilionidae","Myotis","occultus",7.8,29,1,5.27,2.07,3,1,57.395,25.5,6.79,245.3,210,1
"Mammalia","Chiroptera","Vespertilionidae","Myotis","oxygnathus",23.82,22,1,7.4,5.95,3.754,1,69,41.995,23.1,420.91,502,1
"Mammalia","Chiroptera","Vespertilionidae","Myotis","punicus",24.705,22,1,7.6,5.95,3.754,1,69,41.995,23.1,420.91,502,1
"Mammalia","Chiroptera","Vespertilionidae","Pipistrellus","pipistrellus",5,16,1.285,4.599,1.125,2.064,1,42,42,3.89,456,456,1.285
"Mammalia","Chiroptera","Vespertilionidae","Pipistrellus","pygmaeus",5,16,1.2,4.599,1.125,2.064,1,42,42,3.89,456,456,1.2
"Mammalia","Dasyuromorphia","Dasyuridae","Dasyurus","viverrinus",982,6.8,6,39.169,0.015,0.4,1,20.5,153.3,501.415,365.28,335,6
"Mammalia","Didelphimorphia","Didelphidae","Didelphis","virginiana",1414.5,4.179166667,6.645,40.27,0.15,1.38,2,12.345,100,125,184,241.5,13.29
"Mammalia","Didelphimorphia","Didelphidae","Monodelphis","domestica",100,5.55,9,16.955,0.095,0.899,4,14.775,51.245,20.65,137.1,122,36
"Mammalia","Didelphimorphia","Didelphidae","Monodelphis","maraxina",99,5.55,9,14.81,0.095,0.899,4,14.775,51.245,20.65,137.1,122,36
"Mammalia","Diprotodontia","Petauridae","Petaurus","biacensis",127,14,1.91,15.651,0.187,1.08,1.3,16.34,120.325,33,278.015,456,2.483
"Mammalia","Diprotodontia","Petauridae","Petaurus","breviceps",127.55,14,2,17.0755,0.187,1.08,1.3,16.34,120.325,33,278.015,456,2.6
"Mammalia","Erinaceomorpha","Erinaceidae","Erinaceus","amurensis",774.475,8.15,4.22,24.964,15.62,7,1.58,36.0675375,41.70366,235,265.8,253,6.6676
"Mammalia","Erinaceomorpha","Erinaceidae","Erinaceus","concolor",771,8,4.5,23.717,15.708,6.2495,1.54,35.611875,41.69732,235,233.026,253,6.93
"Mammalia","Erinaceomorpha","Erinaceidae","Erinaceus","europaeus",777.95,11.64166667,4.22,26.8585,15.62,7,1.58,36.0675375,41.70366,235,265.8,253,6.6676
"Mammalia","Erinaceomorpha","Erinaceidae","Erinaceus","roumanicus",771,8,4.5,23.717,15.708,6.2495,1.54,35.611875,41.69732,235,233.026,253,6.93
"Mammalia","Hyracoidea","Procaviidae","Procavia","capensis",2750,14,2.44,50.8685,218.59,19.15,1,226.44942,88.25758,500,500,500,2.44
"Mammalia","Peramelemorphia","Peramelidae","Isoodon","macrourus",1551,3,3.565,42.209,0.17915,1.33,2.66,12.255,61.495,125,153.46,200,9.4829
"Mammalia","Peramelemorphia","Peramelidae","Perameles","gunnii",801.5,5.7875,2.155,32.335,0.235,1.348,3.8,12.25,59.995,130.945,99.32,152,8.189
"Mammalia","Perissodactyla","Equidae","Equus","zebra",296000,26.75,1,247.5,30000,100,0.6,363.49,304,117097.78,1009,1279,0.6
"Mammalia","Perissodactyla","Rhinocerotidae","Rhinoceros","unicornis",1600000,46,1,377.1695,58204.55,109.25,0.3,479,456,885812,2069.22,2557,0.3
"Mammalia","Primates","Cebidae","Leontopithecus","caissara",629.255,26.48333333,1.95,29.811,55.07,10.7,1.75,132.3966,130.8748,165,654.10218,730,3.4125
"Mammalia","Primates","Cebidae","Leontopithecus","chrysomelas",582.66,24.8,1.95,29.811,55.07,10.7,1.75,132.3966,130.8748,165,654.10218,730,3.4125
"Mammalia","Primates","Cebidae","Leontopithecus","chrysopygus",654.5,26.48333333,1.95,29.811,55.07,10.7,1.75,132.3966,130.8748,165,654.10218,730,3.4125
"Mammalia","Primates","Cebidae","Leontopithecus","rosalia",623.51,28.16666667,1.95,29.811,55.07,10.7,1.75,132.3966,130.8748,165,654.10218,730,3.4125
"Mammalia","Primates","Lemuridae","Varecia","rubra",3670,32,2.2,55.3675,89.595,8.306,1,100.32812,111.85006,2893,652.76,608,2.2
"Mammalia","Primates","Lemuridae","Varecia","variegata",3670,32,2.2,55.3675,89.595,8.306,1,100.32812,111.85006,2893,652.76,608,2.2
"Mammalia","Proboscidea","Elephantidae","Loxodonta","africana",4500000,65,1,750,105000,119.863,0.21,669.68,1088.8,6e+05,4253.80718,3650,0.21
"Mammalia","Proboscidea","Elephantidae","Loxodonta","cyclotis",4630000,65,1,750,105000,119.863,0.21,669.68,1088.8,6e+05,4253.80718,3650,0.21
"Mammalia","Rodentia","Bathyergidae","Georychus","capensis",189.68,3,5.94,20.5,8.4,3.496,2,44,17.34852,36,304.18,304,11.88
"Mammalia","Rodentia","Cricetidae","Dicrostonyx","groenlandicus",58.44,3.3,3.4,13.716,4.35,3.499,2.5,20.84,16.13108,23,40,85,8.5
"Mammalia","Rodentia","Cricetidae","Dicrostonyx","nelsoni",58.44,3.3,3.4,13.716,4.35,3.499,2.5,20.84,16.13108,23,40,85,8.5
"Mammalia","Rodentia","Cricetidae","Dicrostonyx","nunatakensis",58.44,3.3,3.4,13.716,4.35,3.499,2.5,20.84,16.13108,23,40,85,8.5
"Mammalia","Rodentia","Cricetidae","Dicrostonyx","richardsoni",57.62,2.65,3.45,13.716,4.35,3.499,2.5,20.76824,16.77554,23,40.08776,85,8.625
"Mammalia","Rodentia","Cricetidae","Dicrostonyx","unalascensis",58.44,2.191666667,3.27,13.716,4.42,3.499,3.64,21,16.13108,23,40,85,11.9028
"Mammalia","Rodentia","Cricetidae","Neotoma","floridana",208.18,7.7,2.625,21.4335,12.39,6.6,2.25,35.52942,31.35928,64.3,119.17678,101,5.90625
"Mammalia","Rodentia","Cricetidae","Neotoma","magister",208.59,7.7,2.15,21.4335,13.43,6.6,2.25,34.84,29.21856,64.3,119.17678,101,4.8375
"Mammalia","Rodentia","Cricetidae","Tylomys","nudicaudus",280,5.4,2.4,25.5,16.77,8.43,5.765,40,26.29,40,95.8734,109,13.836
"Mammalia","Rodentia","Cricetidae","Tylomys","tumbalensis",280,5.4,2.4,25.5,16.77,8.43,5.765,40,26.29,40,95.8734,109,13.836
"Mammalia","Rodentia","Muridae","Acomys","airensis",45.2,5.45,2.47,17.5,5.49,4.3,3.5,38,14,12.58,58,59,8.645
"Mammalia","Rodentia","Muridae","Acomys","cahirinus",45.2,5.45,2.47,17.5,5.49,4.3,3.5,38,14,12.58,58,59,8.645
"Mammalia","Rodentia","Muridae","Acomys","chudeaui",45.2,5.45,2.47,17.5,5.49,4.3,3.5,38,14,12.58,58,59,8.645
"Mammalia","Rodentia","Muridae","Acomys","cineraceus",43.6,5,2.47,12.987,5.49,4.3,3.5,38,14,12.58,58,59,8.645
"Mammalia","Rodentia","Muridae","Acomys","dimidiatus",45.2,5.45,2.47,17.5,5.49,4.3,3.5,38,14,12.58,58,59,8.645
"Mammalia","Rodentia","Muridae","Acomys","ignitus",45.2,5.45,2.47,17.5,5.49,4.3,3.5,38,14,12.58,58,59,8.645
"Mammalia","Rodentia","Muridae","Acomys","johannis",43.6,5,2.47,12.987,5.49,4.3,3.5,38,14,12.58,58,59,8.645
"Mammalia","Rodentia","Muridae","Acomys","kempi",43.6,5.45,2.47,17.5,5.49,4.3,3.5,38,14,12.58,58,59,8.645
"Mammalia","Rodentia","Muridae","Acomys","minous",45.2,5,2.47,17.5,5.49,4.3,3.5,38,14,12.58,58,59,8.645
"Mammalia","Rodentia","Muridae","Acomys","mullah",45.2,5.45,2.47,17.5,5.49,4.3,3.5,38,14,12.58,58,59,8.645
"Mammalia","Rodentia","Muridae","Acomys","nesiotes",45.2,5.45,2.47,17.5,5.49,4.3,3.5,38,14,12.58,58,59,8.645
"Mammalia","Rodentia","Muridae","Acomys","seurati",45.2,5.45,2.47,17.5,5.49,4.3,3.5,38,14,12.58,58,59,8.645
"Mammalia","Rodentia","Muridae","Bandicota","indica",200,4.2,6.12,28.0995,4.55,4.242,4.015,22,26.73748,39.7,115.77776,112,24.5718
"Mammalia","Rodentia","Muridae","Gerbillus","floweri",39.9,8.183333333,3.3,11.5855,2.5,3.299,5,22.14,27.5,11,78.15,73,16.5
"Mammalia","Rodentia","Muridae","Gerbillus","hesperinus",39.9,8.183333333,3.3,11.5855,2.5,3.299,5,22.14,27.5,11,78.15,73,16.5
"Mammalia","Rodentia","Muridae","Gerbillus","pyramidum",39.9,8.183333333,3.3,11.5855,2.5,3.299,5,22.14,27.5,11,78.15,73,16.5
"Mammalia","Rodentia","Muridae","Gerbillus","tarabuli",39.9,8.166666667,3.385,11.5855,2.5,3.299,5,22.14,27.06575,11,78.48962,73,16.925
"Mammalia","Rodentia","Muridae","Hydromys","chrysogaster",738.085,7.233333333,3.8,31.276,24.39,8.562,2.12,36,30,150,163,135,8.056
"Mammalia","Rodentia","Muridae","Melomys","obiensis",140.84,4.2,5.88,15.847,4.55,4.242,3.75,22.98632,27.08748,38.345,115.77776,112,22.05
"Mammalia","Rodentia","Muridae","Mus","caroli",18.65,4,5.805,9.5,1.25,2.199,4.57,19.6,21.91392,8.95,53.355,42,26.52885
"Mammalia","Rodentia","Muridae","Mus","indutus",7.25,3.1,4.24,8.2,0.97,2.549,4,20.39212,21,3.33,60,77,16.96
"Mammalia","Rodentia","Muridae","Mus","macedonicus",20.5,5,6.07,9.5,1.25,2.199,4.57,19.6,21.91392,8.95,53.355,42,27.7399
"Mammalia","Rodentia","Muridae","Mus","minutoides",7.585,3.1,4.18,8.2,0.97,2.549,4,20.39212,21,3.33,60,77,16.72
"Mammalia","Rodentia","Muridae","Mus","musculoides",7.585,3.1,4.18,7.1835,0.97,2.549,4,20.55106,21.00042,3.33,60,77,16.72
"Mammalia","Rodentia","Muridae","Mus","musculus",20.5,5,6.07,9.5,1.25,2.199,4.57,19.6,21.91392,8.95,53.355,42,27.7399
"Mammalia","Rodentia","Muridae","Mus","neavei",7.585,3.1,4.18,8.2,0.97,2.549,4,20.39212,21,3.33,60,77,16.72
"Mammalia","Rodentia","Muridae","Mus","orangiae",7.585,3.1,4.18,8.2,0.97,2.549,4,20.39212,21,3.33,60,77,16.72
"Mammalia","Rodentia","Muridae","Mus","spicilegus",19.9,4,6.07,8.4935,1.25,2.199,4.535,19.6,21.91392,8.95,64.71,42,27.52745
"Mammalia","Rodentia","Muridae","Mus","spretus",19.9,4,5.805,9.5,1.25,2.199,4.57,19.6,21.70696,8.95,42,49,26.52885
"Mammalia","Rodentia","Muridae","Rattus","andamanensis",197.97,4.2,6.625,19.5995,4.55,4.242,4.28,22.26132,26.08748,39.69,102.645,112,28.355
"Mammalia","Rodentia","Muridae","Rattus","argentiventer",200,4.2,6.94,19.79,4.55,4.242,4.29,22,26.08748,39.69,90,112,29.7726
"Mammalia","Rodentia","Muridae","Rattus","blangorum",142.68,4.2,5.88,19.5995,4.54,4.242,4.28,22.26132,26.08748,39.69,102.645,112,25.1664
"Mammalia","Rodentia","Muridae","Rattus","lugens",200,4.2,5.95,20.199,4.55,4.242,4.28,22.26132,26.08748,39.69,102.645,112,25.466
"Mammalia","Rodentia","Muridae","Rattus","norvegicus",280,5,8.855,30,5.81,5.2,3.68,21.60956,25,63.75,78.78396,70,32.5864
"Mammalia","Rodentia","Muridae","Rattus","rattus",200,4.2,5.95,20.199,4.55,4.242,4.28,22.26132,26.08748,39.69,102.645,112,25.466
"Mammalia","Rodentia","Muridae","Rattus","satarae",200,4.2,5.95,20.199,4.55,4.242,4.28,22.26132,26.08748,39.69,102.645,112,25.466
"Mammalia","Rodentia","Muridae","Rattus","simalurensis",142.68,4.2,5.88,19.5995,4.54,4.242,4.28,22.26132,26.08748,39.69,102.645,112,25.1664
"Mammalia","Rodentia","Muridae","Rattus","tanezumi",171.34,4.2,5.95,20.199,4.55,4.242,4.28,22.26132,26.08748,39.69,102.645,112,25.466
"Mammalia","Rodentia","Muridae","Rattus","tiomanicus",142.68,4.2,5.88,19.5995,4.54,4.242,4.28,22.26132,26.08748,39.69,102.645,112,25.1664
"Mammalia","Rodentia","Muridae","Rhabdomys","dilectus",45.865,2.916666667,6,12.2905,2.67,3.968,4,25.26188,14,8.43,54.17608,64,24
"Mammalia","Rodentia","Muridae","Rhabdomys","pumilio",45.865,2.916666667,6,12.2905,2.67,3.968,4,25.26188,14,8.43,54.17608,64,24
"Mammalia","Rodentia","Muridae","Taterillus","pygargus",45.45,8.183333333,3.47,11.5855,2.5,3.299,5,26.34,22.827,11,78.82924,73,17.35
"Mammalia","Rodentia","Sciuridae","Marmota","flaviventris",3709.73,21.125,4.44,50.59,33.8,11.1,0.97,30.195,26.37902,478.83,816.59788,730,4.3068
"Mammalia","Rodentia","Sciuridae","Marmota","monax",3413,11.27916667,4.5,50.638,27.43,8.9,1,32.35,46,248,542.06516,548,4.5
"Mammalia","Scandentia","Tupaiidae","Tupaia","belangeri",200,12,2,20.75,12.6,9.736,7.5,46,35.80506,100,122.265,121.76,15
"Mammalia","Scandentia","Tupaiidae","Tupaia","chrysogaster",159,12.4,2.22,20.75,12.94,9.736,2.5,46,35.80506,100,106.385,90,5.55
"Mammalia","Scandentia","Tupaiidae","Tupaia","glis",159,12.4,2.22,20.75,12.94,9.736,2.5,46,35.80506,100,106.385,90,5.55
"Mammalia","Scandentia","Tupaiidae","Tupaia","longipes",163.525,12.4,2.11,18.5,12.94,9.736,2.5,46,35.80506,100,106.385,90,5.275
"Mammalia","Soricomorpha","Soricidae","Crocidura","arabica",10.6,3.2,4.04,8.2145,0.88,2.949,3.5,29,23.82,7.7,75,75,14.14
"Mammalia","Soricomorpha","Soricidae","Crocidura","caspica",9.9,2.95,4.02,8.2,0.84,2.949,3.5,29,24.41,5.89,119.62612,230,14.07
"Mammalia","Soricomorpha","Soricidae","Crocidura","dsinezumi",10.6,3.2,4.165,8.2145,0.88,2.949,3.5,29,23.82,7.7,75,75,14.5775
"Mammalia","Soricomorpha","Soricidae","Crocidura","ichnusae",10.6,3.2,4.04,8.2145,0.88,2.949,3.5,29,23.82,7.7,75,75,14.14
"Mammalia","Soricomorpha","Soricidae","Crocidura","orii",10.6,3.2,4.165,8.2145,0.88,2.949,3.5,29,23.82,7.7,75,75,14.5775
"Mammalia","Soricomorpha","Soricidae","Crocidura","pullata",10.6,3.2,4.04,8.2145,0.88,2.949,3.5,29,23.82,7.7,75,75,14.14
"Mammalia","Soricomorpha","Soricidae","Crocidura","rapax",10.6,3.2,4.04,8.2145,0.88,2.949,3.5,29,23.82,7.7,75,75,14.14
"Mammalia","Soricomorpha","Soricidae","Crocidura","russula",10.6,3.2,4.04,8.2145,0.88,2.949,3.5,29,23.82,7.7,75,75,14.14
"Mammalia","Soricomorpha","Soricidae","Crocidura","sicula",10.84,3,4.38,8.65,0.885,2.949,3.5,29.76146,23.18,7.7,101.08,85,15.33
"Mammalia","Soricomorpha","Soricidae","Crocidura","silacea",10.25,3.2,4.02,8.6,0.88,2.949,3.5,29,23.82,7.7,75,75,14.07
"Mammalia","Soricomorpha","Soricidae","Crocidura","vorax",10.6,3.2,4.04,8.2145,0.88,2.949,3.5,29,23.82,7.7,75,75,14.14
"Mammalia","Soricomorpha","Soricidae","Crocidura","zimmermanni",10.6,3.2,4.04,8.2145,0.88,2.949,3.5,29,23.82,7.7,75,75,14.14
"Mammalia","Soricomorpha","Soricidae","Cryptotis","orophila",6.2,2.166666667,4.55,7.2995,0.34,1.9,2.5,21,20.34,3.85,40,43,11.375
"Mammalia","Soricomorpha","Soricidae","Cryptotis","parva",6.2,2.166666667,4.55,7.2995,0.34,1.9,2.5,21,20.34,3.85,40,43,11.375
"Mammalia","Soricomorpha","Soricidae","Cryptotis","tropicalis",6.2,2.166666667,4.55,7.2995,0.34,1.9,2.5,21,20.34,3.85,40,43,11.375
