"class","order","family","genus","species","adult_body_mass_g","longevity_y","litter_or_clutch_size_n","adult_svl_cm","egg_mass_g","litters_or_clutches_per_y","female_maturity_d","male_maturity_d","birth_or_hatching_weight_g","incubation_d","avg_offspring_per_y"
"Reptilia","Squamata","Agamidae","Agama","africana",100,1.3,7.55,11.232,0.94,2,487.04,730.5,0.64,56,15.1
"Reptilia","Squamata","Agamidae","Agama","agama",100,1.3,7.55,11.232,0.94,2,487.04,730.5,0.64,56,15.1
"Reptilia","Squamata","Agamidae","Agama","boensis",100,1.3,7.55,11.232,0.94,2,487.04,730.5,0.64,56,15.1
"Reptilia","Squamata","Agamidae","Agama","caudospinosa",82.1,1.3,7.5,12.2135,0.94,2,487.04,730.5,0.64,54,15
"Reptilia","Squamata","Agamidae","Agama","doriae",100,1.3,7.55,11.232,0.94,2,487.04,730.5,0.64,56,15.1
"Reptilia","Squamata","Agamidae","Agama","kaimosae",100,1.3,7.55,11.232,0.94,2,487.04,730.5,0.64,56,15.1
"Reptilia","Squamata","Agamidae","Agama","lionotus",100,1.3,7.55,11.232,0.94,2,487.04,730.5,0.64,56,15.1
"Reptilia","Squamata","Agamidae","Agama","mwanzae",100,1.3,7.5,12.45,0.94,2,487.04,730.5,0.64,54,15
"Reptilia","Squamata","Agamidae","Agama","planiceps",74.65,1.3,7.5,11.4,0.94,2,487.04,730.5,0.64,54,15
"Reptilia","Squamata","Agamidae","Agama","spinosa",100,1.3,7.55,11.232,0.94,2,487.04,730.5,0.64,56,15.1
"Reptilia","Squamata","Agamidae","Agama","turuensis",74.65,1.3,7.5,11.4,0.94,2,487.04,730.5,0.64,54,15
"Reptilia","Squamata","Dactyloidae","Anolis","carolinensis",2.455,7,1.3,4.9715,0.25,6,258.74,258.74,0.22,45,7.8
"Reptilia","Squamata","Dactyloidae","Anolis","porcatus",2.455,7,1.3,4.9715,0.25,6,258.74,258.74,0.22,54,7.8
"Reptilia","Squamata","Dactyloidae","Anolis","smaragdinus",2.455,7,1.3,4.9715,0.25,6,258.74,258.74,0.22,45,7.8
"Reptilia","Squamata","Eublepharidae","Eublepharis","fuscus",35.245,28.5,2,12.2955,3.755,2.25,400,400,1.87,53,4.5
"Reptilia","Squamata","Eublepharidae","Eublepharis","macularius",35.53,28.5,2,12.505,3.755,2.25,400,400,1.87,53,4.5
"Reptilia","Squamata","Iguanidae","Cyclura","carinata",773.435,19.96666667,4.3,23.49,25.95,1,2374.06,2556.68,18.815,101,4.3
"Reptilia","Squamata","Iguanidae","Cyclura","cornuta",16578.115,18.35,12,47.352,82.9,1,2191.47,2556.75,51,85,12
"Reptilia","Squamata","Iguanidae","Dipsosaurus","dorsalis",69.33,14.6,5.5,11.563,4.22,1,974.08,974.08,3.93,45,5.5
"Reptilia","Squamata","Iguanidae","Iguana","iguana",1530,12.4,35,35.4905,14,1,1640,1640,16.175,89,35
"Reptilia","Squamata","Iguanidae","Sauromalus","ater",230.39,12.15,7.7,17.2855,9,1,913.125,730.5,6.805,70,7.7
"Reptilia","Squamata","Lacertidae","Lacerta","media",25.95,10,8.95,11.003,0.8435,1.4,1278.34,547.74,0.65,79,12.53
"Reptilia","Squamata","Teiidae","Ameiva","ameiva",68,4.6,4.715,12.5215,4.62,3,243.52,243.52,1.59,134.9,14.145
"Reptilia","Squamata","Teiidae","Ameiva","atrigularis",68,4.6,4.715,12.5215,4.62,3,243.52,243.52,1.59,134.9,14.145
"Reptilia","Squamata","Teiidae","Ameiva","praesignis",68,4.6,4.715,12.5215,4.62,3,243.52,243.52,1.59,134.9,14.145
"Reptilia","Squamata","Varanidae","Varanus","bengalensis",3750,11.2,20.2,50.55,15.285,1,1004.4375,1095.72,14,172,20.2
"Reptilia","Squamata","Varanidae","Varanus","flavescens",755.19,5.245833333,10.78,33.567,10.8,1,1278.34,1278.34,3.57,155,10.78
"Reptilia","Squamata","Varanidae","Varanus","griseus",821.1,9.391666667,10,40.2575,20.3,1,1643.58,1278.34,15.69,208,10
"Reptilia","Squamata","Varanidae","Varanus","komodoensis",41070,16.575,20.1,105.678,142.24,1.1,2373.46,2556.08,90,237,22.11
"Reptilia","Squamata","Varanidae","Varanus","nebulosus",3750,11.2,20.2,50.55,15.285,1,1004.4375,1095.72,14,172,20.2
"Reptilia","Squamata","Varanidae","Varanus","niloticus",2826.67,14.6,27.26,53.75,34.7,1,1278.355,1278.355,24.5,213.01,27.26
"Reptilia","Squamata","Varanidae","Varanus","ornatus",2890,14.6,25.53,56.4675,34.7,1,1278.355,1278.355,24.4,182.58,25.53
